codigoMesa,sanchez,aliaga
000033,14,16
000062,20,10
000088,26,1
000093,14,4
000096,14,1
000121,36,5
000123,44,13
000124,36,16
000127,48,2
000131,6,7
000153,11,5
000155,35,3
000160,23,4
000204,39,3
000260,28,8
000267,51,1
000276,10,13
000280,57,12
000290,54,9
000328,75,0
000356,40,0
000357,32,0
000359,52,2
000366,54,1
000469,14,8
000474,64,5
000685,39,1
000696,46,0
000701,58,0
000717,2,0
000718,0,0
000758,68,0
000761,91,1
000762,35,0
000766,70,0
000809,43,10
000812,54,4
000834,63,6
000895,54,4
000910,63,3
000914,41,1
000915,2,1
000940,50,4
000962,54,6
000977,54,3
000988,0,1
000989,76,2
000990,84,4
000996,49,1
001000,63,0
001011,61,6
001015,51,3
001022,0,0
001032,47,4
001042,5,14
001044,15,12
001046,14,20
001058,15,0
001065,12,28
001068,17,19
001070,15,23
001078,12,15
001081,17,23
001083,16,25
001092,25,14
001148,18,10
001168,15,18
001173,18,24
001176,17,16
001188,15,15
001211,14,16
001225,15,8
001228,23,3
001234,25,12
001244,20,11
001276,10,9
001282,21,15
001359,38,1
001361,31,4
001386,45,1
001403,30,4
001407,26,5
001492,6,4
001535,30,9
001543,54,17
001557,24,11
001560,36,10
001583,47,2
001662,15,12
001675,12,17
001676,7,9
001678,23,29
001686,14,20
001688,12,19
001700,6,21
001704,23,20
001730,11,14
001750,15,17
001751,11,24
001755,38,3
001763,10,12
001771,11,16
001782,21,12
001784,18,8
001818,4,9
001879,21,7
001893,13,4
001929,30,6
001947,38,0
001966,36,4
001992,44,2
001995,24,11
001998,0,8
002013,31,2
002021,14,1
002049,29,0
002061,65,2
002062,35,2
002068,28,10
002071,34,4
002072,29,0
002074,23,2
002090,23,2
002101,38,3
002112,10,7
002126,22,4
002135,18,3
002143,36,11
002144,36,11
002145,49,4
002151,31,3
002167,23,7
002175,13,8
002176,10,5
002183,7,2
002207,49,4
002210,18,11
002213,18,11
002218,20,3
002220,9,5
002246,52,6
002267,52,2
002279,16,6
002281,13,5
002296,38,4
002298,33,2
002309,10,6
002326,35,2
002336,43,1
002354,2,5
002367,80,4
002368,82,0
002383,6,2
002388,24,2
002391,30,5
002498,14,11
002513,12,15
002515,4,16
002522,4,15
002527,8,9
002533,15,5
002540,7,15
002541,8,17
002558,6,1
002560,13,4
002561,12,20
002563,7,13
002586,10,15
002611,6,10
002627,7,13
002634,4,8
002654,6,15
002688,8,0
002789,8,27
002852,7,9
002921,5,3
002943,14,16
002960,13,23
002990,8,13
003039,10,0
003058,33,6
003061,24,7
003066,26,4
003094,16,13
003098,12,3
003099,27,2
003104,20,10
003111,55,1
003120,24,12
003130,21,11
003150,18,8
003157,18,4
003160,25,8
003182,22,5
003190,21,7
003201,11,9
003202,13,5
003210,5,10
003211,19,6
003214,15,2
003230,10,16
003254,5,3
003260,4,11
003293,9,19
003309,6,14
003333,10,17
003334,6,16
003338,13,15
003344,8,26
003347,11,13
003356,21,9
003390,10,25
003404,2,28
003414,10,20
003440,15,12
003442,13,25
003465,11,16
003468,15,15
003485,11,26
003497,11,23
003499,13,20
003506,14,9
003516,9,13
003527,14,12
003537,19,12
003541,14,21
003550,6,22
003554,17,18
003556,10,23
003562,11,20
003565,10,16
003574,10,13
003581,19,16
003584,7,9
003596,9,16
003630,11,30
003632,12,3
003652,5,14
003679,14,16
003689,12,13
003724,28,4
003793,28,7
003814,40,2
003838,84,1
003857,96,3
003899,45,4
003903,37,4
003904,30,1
003906,45,4
003912,33,2
003939,35,5
003944,35,4
003955,28,5
003956,48,3
003970,34,7
003972,27,0
003978,37,3
003980,32,3
004014,12,12
004027,15,12
004042,15,12
004052,19,10
004054,21,2
004073,21,5
004098,4,9
004171,2,10
004212,39,9
004298,32,7
004301,46,6
004396,57,6
004480,42,15
004505,73,4
004511,48,7
004527,46,13
004529,71,14
004532,5,14
004537,30,25
004539,61,20
004616,61,2
004641,76,1
004645,39,0
004649,94,0
004661,45,5
004763,53,5
004768,75,6
004820,95,1
004831,109,2
004841,46,2
004854,64,4
004864,145,0
004866,133,1
004908,2,6
004923,46,4
004938,106,1
004958,91,0
004991,55,1
005074,68,0
005087,22,0
005098,89,1
005103,61,0
005116,56,0
005155,73,0
005164,52,2
005173,52,2
005176,96,4
005178,104,8
005266,4,66
005306,6,59
005389,5,42
005454,4,76
005614,8,98
005735,15,20
005752,10,21
005754,15,9
005774,15,26
005881,20,8
005934,0,21
006025,23,12
006132,26,19
006193,20,2
006195,36,11
006199,28,16
006210,36,11
006243,25,19
006311,34,6
006394,13,10
006645,6,21
006676,3,26
006695,15,21
006708,13,23
006719,7,41
006742,12,13
006808,10,17
006810,14,19
006853,23,12
006940,10,23
006957,9,33
007028,12,16
007029,14,17
007033,19,10
007088,15,41
007161,75,2
007179,8,21
007187,18,17
007232,18,8
007300,15,14
007312,20,19
007640,52,5
007674,43,6
007783,9,2
007843,6,7
007848,16,24
007851,11,20
007873,15,22
007900,11,20
007942,7,8
008044,10,1
008046,9,8
008047,3,18
008095,12,9
008284,10,26
008520,35,3
008523,36,3
008536,29,0
008540,24,3
008612,33,7
008668,48,9
008685,58,12
008688,43,6
008714,51,7
008721,59,6
008857,39,5
008858,30,14
008908,30,20
008928,36,16
008934,24,7
008943,24,16
008948,38,6
009074,22,6
009185,18,2
009189,24,2
009192,82,0
009212,34,1
009231,18,25
009242,9,13
009255,14,25
009279,13,21
009281,8,32
009288,10,37
009308,36,16
009313,20,9
009335,74,3
009363,59,31
009373,53,5
009475,26,11
009482,25,7
009512,19,19
009521,2,13
009579,34,9
009601,32,8
009606,22,11
009645,29,12
009686,96,0
009694,94,1
009704,47,4
009705,60,2
009716,61,7
009731,39,5
009736,1,7
009777,6,3
009803,53,4
009832,42,5
009847,36,8
009854,34,1
009866,32,5
009867,38,7
009887,31,4
009892,20,6
009923,43,4
009947,50,2
009975,99,6
009988,62,8
010009,85,0
010017,67,2
010028,104,0
010063,37,4
010121,1,7
010142,35,4
010144,45,7
010169,52,2
010208,59,4
010256,22,6
010272,22,2
010375,0,3
010377,57,2
010380,49,3
010390,45,1
010396,48,5
010443,70,0
010445,74,3
010446,73,0
010450,4,0
010495,54,1
010514,49,3
010517,47,0
010526,9,4
010561,34,1
010600,82,3
010638,60,1
010646,85,3
010675,67,14
010681,51,4
010699,29,3
010761,45,1
010793,31,5
010803,30,2
010804,52,2
010829,27,2
010840,42,6
010844,59,0
010877,38,2
010892,46,6
011017,71,3
011063,55,5
011091,41,0
011094,33,0
011098,60,3
011149,15,1
011170,25,13
011276,24,21
011318,25,24
011334,30,17
011352,44,10
011378,55,7
011386,44,9
011421,31,23
011456,31,25
011474,36,8
011477,35,12
011497,32,16
011502,38,12
011519,20,12
011543,40,14
011546,52,8
011557,32,22
011562,30,13
011573,38,16
011577,28,14
011633,40,16
011635,25,16
011662,31,9
011690,39,7
011713,59,1
011731,54,1
011760,56,5
011761,64,3
011762,64,9
011771,0,1
011800,99,2
011808,73,3
011816,43,4
011825,52,4
011836,61,5
011856,36,8
011857,54,8
011860,44,15
011861,77,4
011862,68,6
011864,55,13
011865,38,0
011867,53,13
011893,30,7
011895,33,13
012009,66,3
012119,37,2
012144,44,6
012153,24,0
012254,41,5
012282,59,7
012287,72,4
012316,64,4
012318,34,1
012334,45,1
012335,52,3
012369,67,0
012376,81,1
012379,78,2
012384,42,1
012388,72,1
012472,40,1
012485,6,5
012495,36,10
012535,75,4
012639,59,0
012719,52,5
012723,43,2
012772,103,5
012791,63,3
012801,44,1
012830,56,3
012954,121,3
012970,69,5
012995,102,0
013018,70,0
013048,115,1
013105,102,2
013119,61,2
013144,80,4
013156,70,0
013161,52,2
013221,79,0
013227,29,5
013255,119,4
013285,112,2
013288,109,0
013303,79,1
013304,87,3
013336,82,1
013411,82,1
013446,90,2
013451,77,1
013464,69,0
013474,27,7
013489,3,15
013529,41,11
013530,38,10
013554,45,7
013561,45,5
013568,48,7
013578,53,12
013585,31,7
013597,32,12
013601,8,11
013602,39,14
013614,51,7
013617,39,10
013662,33,11
013671,40,8
013677,31,10
013716,67,6
013718,59,11
013749,32,10
013755,4,11
013764,59,6
013777,76,3
013778,59,1
013825,51,1
013826,77,4
013836,79,0
013856,72,3
013865,98,2
013889,2,5
013934,72,0
013966,86,6
013968,88,2
013995,62,1
014020,91,4
014033,2,4
014045,63,0
014046,71,0
014056,76,2
014063,93,2
014088,73,2
014106,65,2
014155,1,1
014165,55,1
014171,72,1
014218,56,1
014263,55,6
014279,88,5
014285,63,11
014287,46,7
014310,67,6
014335,85,5
014345,69,1
014356,86,6
014388,84,0
014432,75,1
014469,79,3
014470,9,3
014474,76,4
014488,54,0
014504,39,7
014509,62,4
014510,78,2
014529,56,0
014544,64,0
014569,57,2
014570,74,7
014590,87,8
014638,51,6
014657,62,1
014738,12,11
014760,7,18
014761,10,29
014782,7,19
015027,7,22
015034,2,30
015066,46,4
015074,36,1
015140,23,6
015149,21,9
015303,19,10
015437,14,16
015490,12,22
015491,13,3
015502,14,22
015515,25,11
015546,17,10
015555,20,7
015624,19,4
015661,14,9
015725,16,13
015737,18,7
015758,53,4
015880,4,32
015936,8,31
016001,5,7
016009,35,2
016017,60,1
016026,52,4
016044,67,2
016193,6,6
016219,8,8
016221,14,6
016226,52,4
016229,64,2
016233,57,2
016401,58,5
016491,58,1
016522,57,0
016579,50,11
016580,47,2
016589,61,7
016671,38,3
016787,52,5
016803,62,2
017044,51,2
017050,57,4
017074,46,2
017087,22,8
017164,47,1
017171,69,1
017328,32,4
017361,30,4
017373,10,1
017378,26,3
017392,21,3
017395,36,8
017430,28,4
017458,5,5
017507,49,4
017537,43,0
017544,72,7
017573,10,1
017584,68,1
017603,86,1
017604,79,3
017623,44,4
017651,69,3
017661,7,2
017665,63,3
017722,56,2
017733,76,1
017734,62,4
017738,41,0
017760,74,0
017762,101,2
017779,8,3
017787,24,3
017804,26,0
017921,77,1
017933,94,1
017956,69,2
017959,76,1
017960,83,1
017963,51,2
017980,100,1
017983,58,4
018001,38,8
018036,46,8
018071,17,2
018088,100,3
018147,186,0
018178,98,5
018183,95,1
018188,91,3
018192,30,5
018200,31,16
018264,29,9
018272,33,0
018297,7,11
018343,29,4
018357,24,11
018436,0,6
018455,52,11
018479,52,5
018545,36,4
018561,29,2
018576,59,1
018600,46,1
018637,0,3
018643,91,1
018644,77,3
018655,9,1
018673,73,3
018674,88,2
018683,73,3
018702,77,2
018759,58,1
018786,88,9
018793,51,1
018820,70,1
018827,81,4
018828,92,3
018835,54,13
018878,61,4
018892,65,8
018894,73,9
018917,53,7
018938,49,0
018977,80,1
019058,43,7
019069,49,6
019083,69,3
019085,104,2
019092,68,5
019158,92,3
019193,53,3
019211,67,3
019265,45,1
019270,74,3
019300,67,33
019327,37,4
019378,32,1
019402,43,2
019409,57,1
019410,60,2
019421,29,0
019423,0,5
019427,66,3
019434,37,4
019445,44,8
019469,6,2
019527,21,23
019536,21,18
019540,17,14
019549,16,29
019567,17,14
019570,26,14
019596,17,30
019632,15,19
019642,21,16
019669,29,18
019685,34,15
019688,18,24
019713,27,17
019737,7,5
019740,29,6
019750,46,2
019783,109,2
019785,95,1
019789,81,2
019790,80,5
019793,60,1
019805,7,9
019812,1,1
019825,75,4
019858,68,1
019864,42,6
019872,44,9
019918,22,21
019942,5,16
019948,20,18
019953,25,19
019982,24,25
020032,17,21
020067,20,15
020069,16,12
020074,20,16
020105,19,18
020118,14,16
020127,15,17
020129,18,15
020130,17,16
020172,24,9
020184,26,12
020222,21,15
020235,72,6
020240,64,1
020274,31,11
020275,29,10
020278,52,7
020282,38,18
020287,37,16
020314,53,17
020320,56,5
020321,59,4
020335,33,1
020336,43,7
020338,47,7
020360,72,10
020384,84,8
020392,62,4
020397,62,0
020406,33,19
020429,37,7
020442,6,1
020448,58,8
020480,39,4
020483,49,3
020539,53,4
020566,39,2
020592,72,1
020593,41,2
020601,71,5
020620,34,6
020627,53,3
020641,54,4
020664,40,4
020679,22,1
020710,0,0
020727,24,17
020731,21,14
020733,24,20
020755,30,17
020763,19,1
020769,7,13
020807,15,20
020829,13,14
020870,52,10
020879,38,11
020896,49,2
020912,32,14
020920,24,6
020922,27,12
020924,35,7
020937,47,4
020940,49,6
020942,29,4
020947,41,9
020949,37,7
020958,35,6
020962,1,6
020964,4,2
020982,45,9
020988,35,5
020996,26,13
021001,30,11
021028,31,7
021030,32,11
021043,57,2
021049,57,6
021077,17,17
021084,44,3
021085,40,4
021086,36,4
021093,40,2
021096,46,14
021107,74,2
021111,97,2
021112,97,4
021119,104,2
021120,114,0
021124,0,0
021131,78,1
021163,50,5
021179,35,5
021181,45,2
021190,82,4
021199,66,0
021203,78,2
021212,85,6
021243,22,1
021248,48,6
021258,1,5
021265,34,2
021279,18,7
021283,22,2
021300,24,4
021307,35,0
021315,28,2
021332,31,5
021340,2,1
021350,26,0
021353,50,0
021354,40,0
021368,46,1
021372,80,1
021373,105,1
021375,77,4
021383,37,1
021390,54,3
021403,56,6
021405,78,3
021409,84,2
021416,65,13
021439,44,3
021460,76,0
021461,78,1
021471,62,0
021472,7,1
021473,62,2
021483,33,3
021486,42,2
021515,54,3
021518,63,4
021520,39,4
021521,26,0
021532,75,5
021535,75,2
021536,84,0
021552,0,26
021577,10,36
021600,6,23
021606,7,29
021622,9,28
021625,11,33
021645,13,26
021652,4,36
021661,3,35
021672,10,21
021682,9,29
021698,6,28
021705,7,4
021709,9,36
021727,5,31
021745,9,35
021763,14,23
021779,6,31
021780,9,26
021796,8,21
021797,3,31
021799,11,28
021804,12,32
021810,5,38
021828,15,19
021842,9,25
021855,8,21
021858,7,23
021861,15,41
021888,2,33
021899,7,52
021901,10,37
021911,5,32
021941,9,19
021948,16,22
021951,8,34
021955,4,31
021972,8,18
021979,17,21
021984,15,48
022006,10,28
022018,6,39
022021,11,32
022024,10,25
022047,22,21
022057,22,12
022065,32,10
022066,26,13
022071,21,29
022083,13,9
022088,16,22
022117,21,10
022146,15,11
022155,15,11
022181,15,9
022193,22,21
022233,15,16
022266,15,21
022273,9,13
022279,13,0
022323,10,12
022337,10,17
022338,9,27
022339,13,37
022408,22,13
022428,12,11
022437,5,14
022440,9,17
022452,15,12
022460,28,11
022464,38,14
022497,8,13
022514,25,9
022519,16,15
022571,10,29
022596,17,19
022610,9,12
022630,15,13
022693,10,18
022709,7,9
022724,9,23
022729,6,15
022730,13,25
022737,11,21
022748,7,26
022760,5,9
022781,17,25
022807,12,29
022809,7,12
022836,3,28
022860,9,21
022871,6,19
022886,64,1
022909,9,15
022920,11,13
022921,23,10
022924,11,0
022926,16,17
022939,13,16
022944,14,6
022946,21,2
022949,24,0
022950,0,4
022958,18,6
022970,9,16
022976,9,16
023050,10,17
023051,4,17
023066,9,16
023083,11,12
023089,11,6
023120,4,16
023151,10,16
023155,14,3
023156,26,16
023179,27,22
023189,20,18
023191,24,11
023197,17,20
023202,19,16
023204,8,15
023209,11,17
023213,11,0
023221,11,16
023242,19,10
023256,12,10
023257,5,7
023295,13,24
023298,15,19
023304,9,18
023309,14,28
023311,24,19
023312,11,28
023330,28,14
023337,17,16
023341,15,13
023343,12,15
023369,19,14
023374,18,18
023376,13,14
023389,42,7
023397,14,14
023409,30,15
023410,16,17
023411,25,17
023438,14,8
023439,25,11
023449,23,16
023460,20,9
023466,32,6
023480,22,10
023483,32,8
023487,24,8
023502,30,10
023506,6,17
023519,8,22
023520,8,0
023534,8,23
023536,8,20
023538,10,2
023542,7,23
023546,6,2
023559,5,16
023560,10,14
023567,8,16
023568,7,22
023570,14,16
023578,2,15
023587,4,22
023595,14,6
023611,5,17
023621,16,18
023624,8,20
023625,10,23
023636,10,3
023637,8,24
023641,2,7
023659,7,29
023660,8,22
023673,10,17
023695,19,9
023696,34,7
023708,38,4
023709,56,4
023721,43,4
023735,38,4
023736,25,14
023738,31,6
023761,30,19
023785,6,20
023804,6,18
023806,16,1
023828,38,10
023877,14,6
023882,26,0
023884,16,6
023932,24,9
023934,14,11
023942,30,11
023946,23,13
023954,24,11
023964,37,10
023976,27,6
023977,28,2
024026,10,22
024035,10,19
024039,16,18
024042,9,34
024043,7,27
024044,7,25
024068,8,22
024102,11,19
024120,4,36
024130,12,19
024156,15,36
024250,14,8
024308,8,27
024374,19,28
024379,20,21
024422,19,18
024427,14,13
024442,24,5
024450,21,9
024480,24,14
024481,18,11
024538,3,13
024579,20,11
024694,6,34
024814,17,21
024818,13,38
024884,4,33
024894,5,27
024914,6,13
024974,10,20
025004,9,7
025017,6,15
025055,10,13
025057,10,24
025085,8,31
025087,3,25
025122,17,11
025199,22,8
025206,20,7
025215,34,2
025231,18,10
025233,29,10
025238,25,20
025267,22,10
025277,29,15
025278,17,12
025311,27,12
025377,20,17
025431,30,5
025435,25,5
025485,39,6
025488,28,15
025562,9,17
025566,14,14
025579,9,4
025587,37,4
025588,38,3
025630,37,5
025634,31,1
025640,15,14
025642,20,12
025645,19,15
025694,23,7
025702,2,6
025704,9,6
025731,11,11
025745,7,11
025789,14,7
025871,17,5
025915,25,6
025954,13,16
026039,7,16
026208,25,7
026209,36,12
026226,17,5
026321,12,4
026324,10,9
026396,38,20
026412,18,21
026417,2,21
026420,36,23
026425,25,11
026426,5,16
026434,25,19
026436,9,4
026468,15,14
026471,17,14
026474,26,9
026485,25,11
026491,24,8
026492,23,0
026514,60,13
026530,31,11
026587,32,7
026593,30,6
026601,56,3
026602,41,3
026624,39,17
026630,34,8
026631,7,11
026637,24,7
026659,41,7
026664,45,3
026672,21,0
026693,42,6
026708,0,3
026724,47,6
026735,33,4
026738,31,12
026742,39,1
026744,43,4
026758,53,10
026764,34,7
026773,39,7
026778,33,4
026780,0,11
026786,24,6
026797,28,13
026799,32,7
026807,20,0
026812,0,1
026818,2,1
026864,22,2
026874,11,22
026875,18,23
026888,13,27
026905,13,20
026910,8,13
026911,13,12
027005,12,16
027030,22,5
027042,41,3
027043,36,6
027044,45,5
027055,40,5
027077,17,2
027078,33,1
027080,29,4
027105,30,3
027114,24,4
027126,33,11
027158,51,9
027163,53,4
027164,43,5
027178,27,6
027317,15,18
027335,8,8
027358,28,10
027398,11,0
027437,13,3
027460,19,6
027465,24,2
027473,18,7
027494,2,54
027497,2,0
027498,5,28
027503,5,34
027506,2,30
027514,8,31
027524,4,28
027538,4,23
027540,3,28
027547,3,27
027555,6,26
027560,4,17
027596,2,26
027597,3,30
027611,5,39
027616,2,9
027621,3,32
027622,2,30
027655,1,34
027686,4,24
027725,2,36
027749,1,35
027750,3,33
027761,4,48
027768,6,44
027783,3,29
027835,7,36
027838,3,46
027843,2,37
027850,5,29
027871,6,28
027877,4,0
027947,3,29
027951,3,34
027959,4,38
027973,5,46
027979,7,38
027994,2,33
027996,6,37
028003,5,34
028004,4,36
028020,2,32
028063,2,26
028065,2,24
028094,3,46
028119,2,31
028122,2,26
028136,3,25
028172,4,29
028243,0,37
028258,3,30
028307,1,31
028338,4,24
028348,6,19
028358,5,43
028365,2,25
028368,4,8
028375,0,32
028379,5,39
028380,4,27
028384,4,30
028389,2,27
028392,2,30
028403,5,37
028431,2,35
028439,6,0
028453,8,27
028486,9,12
028497,1,11
028498,8,15
028547,3,13
028549,7,4
028554,10,11
028573,8,10
028604,9,18
028623,9,14
028633,15,6
028650,20,11
028651,1,15
028652,13,18
028653,16,11
028683,9,7
028711,8,8
028738,6,8
028747,3,15
028772,19,1
028777,1,6
028785,10,17
028790,6,7
028797,6,17
028812,5,11
028830,6,12
028831,3,6
028843,6,13
028871,9,15
028873,2,11
028874,8,16
028894,5,14
028901,4,16
028910,3,9
028955,8,10
028960,6,18
028969,9,0
028992,2,86
029000,1,27
029032,2,44
029033,3,2
029039,2,39
029043,5,36
029058,4,29
029111,4,42
029112,4,42
029136,5,38
029158,4,34
029177,5,53
029192,2,41
029194,2,46
029212,12,11
029247,6,13
029274,11,14
029309,11,13
029328,4,12
029336,0,7
029338,6,7
029342,8,11
029386,10,6
029408,14,7
029414,10,14
029416,5,4
029425,7,11
029439,4,6
029442,9,0
029500,7,13
029528,10,11
029545,6,10
029550,10,10
029571,3,14
029595,6,12
029598,6,11
029628,12,11
029629,9,2
029665,7,13
029695,6,16
029700,4,14
029731,3,8
029745,8,17
029754,5,18
029769,6,5
029832,5,18
029855,5,12
029932,3,16
029974,7,12
030024,3,12
030054,5,12
030055,6,11
030075,2,12
030077,8,14
030102,11,12
030143,9,8
030148,3,12
030182,2,11
030191,5,6
030193,9,12
030200,3,6
030212,7,7
030239,6,3
030264,12,0
030276,19,6
030279,18,4
030298,24,4
030304,24,3
030316,18,9
030317,18,2
030335,25,6
030456,44,4
030498,42,3
030506,69,3
030526,29,6
030612,31,0
030634,56,7
030638,56,1
030646,57,4
030654,51,4
030724,42,1
030734,33,5
030801,34,3
030826,22,0
030833,28,0
030834,25,2
030848,34,2
030855,8,3
030857,32,1
030862,28,1
030874,29,1
030884,26,2
030908,2,2
030924,46,1
030927,1,22
030939,18,17
030941,8,9
030952,17,12
030959,11,10
030979,19,8
030985,21,10
030994,22,0
030995,25,8
030997,17,14
030998,22,0
031008,23,8
031009,23,9
031016,24,6
031025,19,10
031040,17,4
031046,17,15
031123,11,4
031127,18,17
031138,12,15
031145,8,16
031147,7,20
031160,9,27
031213,63,2
031218,49,3
031227,0,1
031228,42,2
031232,44,2
031233,46,1
031234,50,3
031237,61,2
031243,50,0
031269,36,3
031279,22,3
031286,14,7
031287,20,3
031315,7,2
031323,48,3
031328,41,1
031342,29,1
031358,36,5
031383,44,1
031397,31,1
031425,39,0
031521,24,3
031542,5,2
031543,32,1
031559,8,10
031575,8,12
031591,3,0
031600,8,8
031612,6,4
031642,2,9
031650,6,8
031651,5,9
031654,5,7
031655,4,2
031703,8,0
031733,3,11
031736,11,1
031743,7,10
031756,14,13
031765,5,9
031770,7,7
031780,7,7
031822,7,13
031843,4,14
031854,10,12
031898,16,13
031907,23,11
031915,18,18
031936,16,11
031949,15,7
031955,15,13
031986,18,5
031991,20,12
032003,19,15
032018,11,11
032027,14,15
032033,43,6
032039,58,3
032043,33,14
032070,41,5
032124,23,0
032134,22,5
032147,44,6
032170,15,4
032172,23,2
032188,33,2
032194,53,1
032232,5,3
032293,23,6
032296,3,11
032298,25,6
032301,29,6
032302,23,10
032308,29,9
032343,8,12
032349,24,5
032357,26,5
032362,30,8
032363,22,9
032365,19,7
032367,38,5
032371,24,3
032378,21,6
032381,25,3
032389,19,4
032390,23,14
032394,14,2
032407,24,2
032411,26,9
032415,21,4
032420,7,4
032440,25,6
032445,27,9
032451,34,6
032470,46,8
032479,47,5
032482,59,7
032495,44,3
032502,46,5
032511,7,1
032513,41,7
032525,45,5
032534,45,6
032549,5,5
032574,6,80
032580,4,69
032589,23,17
032592,8,12
032618,6,45
032674,8,42
032677,11,38
032699,7,32
032733,11,23
032751,15,0
032772,6,28
032785,10,50
032791,9,24
032835,20,36
032851,11,41
032882,10,32
032884,10,28
032895,13,27
032900,12,27
032971,29,28
033001,17,17
033002,8,16
033037,14,30
033090,16,33
033103,15,36
033155,18,30
033157,21,35
033159,17,35
033162,12,25
033165,17,4
033173,9,12
033180,7,20
033208,4,22
033236,8,19
033258,6,31
033296,6,31
033298,4,30
033309,6,31
033332,10,44
033357,12,29
033412,6,31
033414,16,29
033428,11,37
033429,7,41
033456,25,6
033461,44,5
033469,34,4
033490,44,4
033529,3,9
033534,7,35
033539,29,4
033548,32,8
033570,4,11
033588,5,12
033629,15,10
033654,0,4
033665,2,7
033682,31,5
033738,11,34
033773,11,21
033785,9,32
033817,15,28
033842,8,23
033872,22,19
033879,11,20
033924,22,19
033945,20,15
034021,23,12
034078,16,13
034084,23,0
034122,29,9
034169,26,9
034213,22,6
034216,22,11
034223,16,13
034320,23,3
034321,26,17
034332,40,8
034365,32,4
034390,3,8
034418,16,21
034487,14,16
034555,2,18
034569,24,25
034582,8,20
034620,15,19
034639,14,13
034808,7,15
034812,32,14
034816,30,19
034823,27,13
034827,24,18
034868,22,1
034877,34,13
034938,44,10
034960,15,11
035027,0,20
035042,11,14
035055,51,2
035061,48,2
035068,45,0
035070,51,1
035072,53,3
035080,51,0
035087,45,0
035124,39,2
035130,50,7
035133,40,3
035143,65,3
035191,49,14
035203,18,21
035208,0,18
035214,25,18
035216,24,11
035253,21,20
035287,20,11
035331,33,0
035413,14,2
035429,18,7
035433,30,2
035452,27,6
035467,21,6
035474,46,9
035489,35,9
035515,44,3
035530,20,1
035541,12,7
035549,20,4
035588,14,2
035602,2,0
035658,23,3
035669,50,13
035676,37,19
035681,40,7
035719,19,5
035728,47,8
035729,30,4
035740,23,3
035778,50,4
035803,32,4
035834,37,4
035857,4,4
035881,10,3
035895,12,7
035900,12,6
035918,23,2
035934,22,2
036155,6,59
036218,1,7
036222,2,60
036300,8,33
036375,4,34
036449,2,31
036518,10,36
036534,2,55
036584,3,40
036697,2,28
036778,5,33
036849,0,46
036953,1,25
036964,1,49
037008,17,25
037054,4,30
037065,11,24
037122,16,22
037124,16,20
037450,14,8
038185,9,27
038405,15,36
038454,18,23
039065,3,57
039249,5,23
039366,6,14
039367,0,0
039495,8,18
039550,13,23
039573,12,24
039692,0,14
039789,13,10
039908,7,27
040160,7,25
040558,4,23
040622,4,35
040639,9,22
040819,1,30
040910,11,17
041028,5,29
041051,2,23
041107,1,33
041115,5,33
041131,5,32
041176,1,19
041185,2,26
041186,4,18
041187,10,16
041203,7,34
041250,4,22
041336,4,33
041400,8,29
041701,5,42
041780,3,40
041828,1,50
042279,2,69
042390,9,35
042404,2,39
042406,6,29
042410,3,36
042529,1,66
042565,4,43
042638,7,44
042739,2,47
042799,0,0
042822,6,25
042908,5,49
042917,0,92
042918,0,96
042920,0,91
042923,2,97
042944,6,29
043001,3,44
043007,3,61
043015,6,71
043058,9,51
043131,7,26
043146,12,32
043150,6,43
043414,1,84
044119,10,49
044405,5,29
044479,13,27
044482,15,54
044488,10,50
044489,14,43
044511,5,25
044515,9,33
044520,17,18
044524,5,31
044537,8,44
044549,7,40
044556,7,25
044557,15,28
044560,1,44
044581,13,26
044602,1,22
044603,1,39
044616,4,42
044620,6,47
044634,5,53
044641,9,36
044653,11,64
044657,15,34
044663,13,43
044670,11,19
044713,9,34
044716,26,31
044734,14,30
044745,3,29
044936,3,71
044951,3,80
044954,1,66
044955,4,69
045210,1,124
045262,2,96
045307,1,79
045312,3,86
045386,1,87
045461,3,138
045518,10,38
045523,9,29
045527,16,23
045528,21,19
045530,16,14
045532,13,27
045533,17,17
045560,6,47
045562,9,33
045567,12,14
045570,20,4
045571,18,15
045575,16,18
045578,13,18
045582,12,28
045584,20,6
045611,9,30
045641,22,20
045671,0,0
045673,18,11
045675,15,15
045714,21,25
045725,15,0
045736,19,11
045756,9,31
046347,12,23
046548,11,30
046798,6,26
046813,10,67
046855,12,18
046865,17,22
046866,16,18
046923,11,25
047094,13,39
047202,200,290
047203,8,46
047204,6,41
047212,5,1
047381,4,41
047494,2,29
047534,3,39
047611,2,61
047635,0,0
047667,2,35
047763,2,85
047822,0,137
048085,0,57
048138,10,1
048188,7,23
048365,13,30
048780,1,35
048887,3,20
048894,3,24
049377,9,36
049822,4,30
049968,2,62
050040,4,70
050059,2,67
050078,1,70
050129,0,78
050229,6,48
050254,0,2
050256,0,91
050314,2,62
050324,1,95
050337,2,55
050443,17,23
050519,0,71
050534,4,91
050554,1,87
050555,0,77
050568,0,180
050569,1,174
050570,1,201
050616,1,77
050620,4,79
050623,2,76
050624,2,67
050633,4,4
050642,1,61
050645,2,67
050649,1,85
050669,0,79
050676,3,68
050677,5,79
050711,3,94
050827,0,148
050916,3,82
050981,1,80
051066,4,57
051071,0,0
051081,4,42
051285,2,60
051370,5,68
051399,2,69
051402,1,76
051465,4,88
051473,4,102
051476,0,98
051477,3,80
051478,0,109
051566,0,171
051588,2,54
051624,0,77
051629,2,85
051645,4,86
051653,1,74
051839,3,57
051949,0,59
051953,1,80
052309,8,30
052701,13,28
052710,4,22
052713,5,28
052715,8,27
052839,3,25
053326,1,69
053542,2,63
053582,5,68
053649,2,59
053759,7,26
053923,5,31
053924,5,38
054401,6,27
054436,2,28
054453,5,30
054697,10,20
054708,9,27
054907,2,35
054909,0,47
054911,4,22
054919,2,24
054920,6,38
054921,8,42
054927,6,39
054930,2,22
054936,8,36
054939,13,59
054943,10,85
054970,4,66
054994,14,32
054998,19,32
055000,15,46
055003,0,49
055006,13,52
055013,8,38
055170,5,22
055196,6,35
055197,9,34
055201,8,36
055203,4,32
055212,5,45
055239,1,47
055258,9,23
055269,1,39
055271,6,30
055339,7,36
055344,5,54
055367,5,56
055393,2,55
055401,1,57
055405,5,50
055424,6,41
055448,2,38
055457,4,57
055464,6,62
055484,3,54
055486,2,51
055489,2,59
055517,8,41
055537,9,46
055625,4,30
055627,6,20
055637,16,38
055640,5,38
055645,6,38
055708,2,46
055757,6,44
055763,9,44
055768,3,48
055769,12,27
055775,4,33
055783,3,30
055787,0,28
055808,5,42
055876,2,33
055893,1,47
055920,5,30
055925,3,34
055926,7,23
055927,7,37
055928,8,35
055950,0,15
055957,8,26
056919,7,20
057196,7,20
057305,3,54
057319,6,8
057338,6,14
057803,16,12
058397,10,18
058522,8,13
058524,13,2
058750,3,45
058771,9,43
058773,4,31
058774,8,41
058902,9,26
058910,11,29
058917,20,35
058921,11,28
058928,5,25
058936,10,37
058943,0,36
058948,7,35
058978,9,22
058979,9,19
058990,19,20
058994,13,35
059134,2,170
059257,2,63
059468,6,27
059472,4,22
059479,4,28
059484,3,39
059485,4,20
059503,6,31
059504,3,32
059525,4,35
059549,2,36
059555,9,26
059567,2,29
059574,3,29
059585,3,26
059591,5,37
059605,5,14
059629,6,30
059633,4,36
059634,6,29
059640,4,35
059642,7,28
059671,5,27
059674,6,29
059680,4,35
059681,11,24
059683,1,26
059685,4,23
059715,5,25
059721,3,28
059731,3,3
059736,4,29
059745,3,38
059746,1,39
059802,3,25
059803,4,25
059804,4,22
059821,13,16
059920,4,36
059962,2,35
059966,0,18
059981,0,33
060006,9,34
060046,2,25
060055,2,19
060157,13,26
060158,9,19
060161,7,28
060209,7,28
060215,12,34
060239,2,21
060241,9,19
060244,10,27
060249,5,24
060420,4,47
060427,4,30
060471,9,2
060492,4,35
060498,2,31
060499,7,31
060528,7,32
060554,6,22
060565,2,18
060569,5,24
060579,1,17
060595,9,37
060635,5,38
060690,2,32
061075,2,38
061096,3,38
061124,0,0
061195,3,25
061504,7,36
061616,10,34
061653,0,0
062081,4,34
062217,29,13
062226,19,6
062249,10,8
062252,24,9
062254,25,8
062258,6,24
062259,18,8
062260,22,9
062266,5,21
062269,16,5
062270,14,16
062276,21,33
062297,9,25
062301,4,32
062315,7,18
062333,13,28
062336,13,21
062348,3,15
062351,13,18
062353,13,16
062395,11,16
062406,0,26
062444,10,22
062454,16,19
062488,16,15
062490,12,0
062500,17,14
062510,22,7
062511,11,15
062519,12,12
062521,23,22
062522,27,10
062528,14,19
062532,25,12
062533,21,17
062555,18,0
062574,10,13
062581,22,8
062584,13,15
062601,8,13
062605,16,13
062694,17,12
062702,7,15
062709,16,21
062710,21,11
062719,14,8
062727,22,16
062744,23,16
062745,12,16
062752,15,10
062754,19,16
062766,19,4
062772,14,20
062798,11,13
062804,10,16
062813,16,13
062831,14,22
062879,11,27
062907,11,14
062951,8,19
063029,5,20
063077,4,23
063080,12,29
063088,9,31
063103,20,5
063104,27,4
063118,2,4
063192,8,19
063204,7,20
063257,15,20
063275,16,11
063295,18,10
063311,21,6
063324,11,13
063329,15,16
063330,12,26
063362,15,12
063397,10,16
063398,10,21
063405,13,13
063410,10,11
063480,15,10
063483,17,10
063493,0,8
063498,17,6
063521,33,3
063555,21,7
063604,14,2
063615,16,17
063626,18,37
063627,16,2
063634,25,14
063636,24,34
063664,18,16
063674,16,13
063677,10,11
063679,13,12
063685,31,6
063686,21,9
063689,25,14
063691,30,14
063692,35,11
063738,21,20
063748,10,10
063769,21,3
063850,9,3
063858,17,18
063861,13,10
063862,9,17
063981,18,28
064040,9,0
064044,0,11
064046,25,18
064073,4,2
064085,29,16
064159,18,16
064170,27,17
064186,9,8
064226,21,10
064228,17,17
064230,12,17
064242,16,19
064252,19,26
064285,31,10
064291,24,16
064292,9,11
064307,21,11
064315,20,30
064379,14,15
064388,6,12
064531,21,28
064558,11,25
064561,13,23
064569,0,28
064574,16,17
064593,9,12
064601,6,21
064609,14,19
064644,7,9
064646,0,13
064686,14,21
064690,16,15
064694,17,23
064807,12,14
064817,19,13
064823,1,14
064837,20,2
064911,6,14
064931,14,17
064963,9,6
064971,7,10
064978,3,0
064988,4,15
064993,7,14
064999,5,20
065016,4,16
065031,4,8
065032,2,12
065034,8,16
065039,8,20
065067,8,11
065068,6,18
065069,4,17
065096,4,31
065101,0,11
065104,6,10
065107,2,22
065109,4,11
065113,7,17
065140,1,17
065154,4,21
065160,11,10
065173,6,19
065175,6,18
065177,3,18
065189,8,12
065192,5,11
065202,3,19
065209,11,25
065226,6,17
065232,4,10
065257,4,29
065259,6,17
065273,8,11
065285,5,26
065286,4,13
065329,4,19
065336,2,11
065350,4,16
065357,6,20
065364,4,19
065370,1,21
065371,4,16
065384,1,2
065396,8,4
065398,5,5
065402,3,1
065407,8,3
065412,17,1
065413,8,1
065415,4,2
065424,5,2
065429,12,0
065452,9,12
065463,3,12
065464,8,3
065468,6,16
065469,9,13
065473,6,5
065479,8,8
065480,12,7
065489,2,26
065496,5,11
065497,2,31
065499,3,16
065502,3,9
065510,5,2
065512,1,2
065540,4,16
065541,7,7
065542,3,11
065544,1,0
065548,5,10
065549,5,8
065581,10,12
065582,4,4
065585,11,7
065586,6,23
065589,5,2
065590,8,8
065615,4,7
065657,9,11
065660,8,13
065681,1,7
065688,4,7
065698,2,10
065711,8,11
065715,5,5
065722,8,9
065728,6,12
065732,4,14
065744,5,6
065746,5,5
065750,2,4
065752,1,7
065769,7,7
065770,3,0
065774,3,13
065777,7,11
065809,5,9
065820,6,1
065826,8,8
065828,3,14
065832,4,7
065833,7,8
065836,7,8
065838,4,13
065840,3,10
065853,7,10
065854,3,12
065857,6,0
065866,6,14
065870,5,7
065880,8,11
065884,6,9
065890,9,10
065891,8,12
065894,2,12
065903,6,10
065904,3,4
065905,3,9
065939,7,12
065943,7,11
065956,7,8
065982,4,5
065988,8,13
065999,6,13
066005,6,4
066009,7,12
066011,9,8
066012,11,8
066013,9,0
066014,6,6
066018,5,12
066019,4,9
066023,8,12
066034,7,7
066042,5,5
066043,6,10
066044,5,16
066045,9,6
066046,6,9
066053,3,7
066059,8,12
066060,6,4
066064,9,4
066066,2,7
066081,7,7
066085,2,2
066111,4,4
066112,2,5
066113,5,7
066118,4,9
066137,6,3
066138,10,8
066140,3,0
066148,4,7
066169,3,7
066172,2,5
066174,8,6
066179,4,5
066190,15,12
066198,5,8
066213,9,11
066215,7,7
066223,5,2
066225,3,1
066228,3,4
066230,1,7
066236,7,8
066238,7,6
066244,4,16
066247,6,8
066250,9,10
066257,9,7
066263,8,7
066297,18,8
066304,26,11
066312,19,1
066327,4,8
066336,31,3
066350,27,9
066355,20,15
066356,10,5
066357,17,14
066370,30,9
066372,2,14
066378,20,10
066384,22,6
066395,20,7
066422,28,10
066435,19,13
066446,13,9
066466,26,7
066472,25,1
066480,56,4
066488,59,2
066495,44,4
066542,33,15
066556,22,0
066565,2,0
066567,41,1
066571,37,1
066597,17,12
066601,6,2
066619,13,10
066630,6,7
066632,9,6
066649,2,1
066650,12,6
066670,7,0
066671,23,0
066673,13,0
066692,2,3
066693,6,2
066695,22,4
066698,0,1
066702,17,3
066714,19,2
066723,14,0
066725,17,0
066727,19,5
066729,9,3
066770,29,1
066771,30,7
066774,32,9
066777,25,6
066778,29,5
066784,5,3
066822,10,1
066825,4,4
066836,3,3
066843,0,10
066850,15,15
066858,24,4
066866,17,0
066871,20,1
066874,13,2
066878,18,4
066889,2,29
066898,1,13
066901,9,26
066913,2,0
066915,0,2
066916,1,3
066917,2,0
066919,19,6
066920,18,16
066935,12,12
066940,16,7
066943,22,11
066953,14,9
066954,11,11
066960,20,0
066972,15,5
066982,24,1
066985,22,0
066988,16,2
066993,24,5
066999,20,0
067007,0,2
067008,6,0
067012,6,0
067016,0,1
067040,7,2
067047,3,2
067064,9,10
067065,11,6
067070,8,4
067076,3,10
067086,4,3
067099,8,6
067107,8,7
067111,2,4
067116,7,4
067117,7,3
067120,10,4
067124,1,10
067127,4,0
067131,8,0
067142,2,0
067144,6,1
067155,3,3
067163,2,6
067183,9,7
067184,0,4
067194,1,11
067196,4,5
067203,3,3
067207,1,3
067208,2,5
067214,4,3
067215,0,5
067217,5,1
067224,2,8
067237,33,4
067238,38,6
067244,36,10
067255,46,4
067282,7,0
067319,17,0
067326,19,1
067343,26,1
067367,0,0
067371,0,0
067374,1,0
067387,31,12
067389,37,4
067408,50,10
067411,35,12
067415,24,8
067421,42,6
067422,22,9
067439,41,7
067444,28,12
067448,32,8
067464,7,11
067474,42,6
067476,38,15
067495,27,5
067497,22,5
067512,36,3
067517,27,15
067518,24,6
067589,43,6
067590,34,7
067591,33,7
067602,0,7
067617,23,7
067618,11,4
067644,33,8
067655,46,5
067656,29,8
067666,61,2
067669,55,2
067674,44,1
067676,33,4
067721,4,4
067723,49,4
067726,49,3
067731,35,7
067745,59,1
067746,69,1
067747,43,1
067774,54,0
067789,38,2
067790,50,3
067792,54,2
067803,54,3
067812,38,3
067885,15,9
067892,15,15
067897,28,2
067974,23,11
067998,61,1
068044,30,14
068116,14,4
068128,22,2
068145,67,0
068163,58,4
068181,32,5
068190,17,6
068201,14,12
068212,11,12
068214,3,5
068216,10,8
068224,8,19
068229,13,20
068243,18,14
068246,20,15
068250,14,20
068252,26,13
068309,21,4
068381,23,22
068394,52,2
068411,1,42
068415,25,7
068416,30,15
068447,20,9
068458,28,3
068512,38,5
068522,15,8
068553,56,1
068566,26,2
068582,44,2
068617,25,1
068625,8,6
068645,21,2
068653,25,14
068656,25,8
068666,8,2
068667,27,2
068689,14,6
068694,22,7
068698,22,10
068703,22,17
068737,19,9
068740,18,8
068743,8,6
068746,17,1
068834,46,1
068838,28,6
068855,57,3
068886,9,41
068898,16,29
068902,9,35
068908,7,29
068910,9,42
068916,10,7
068928,11,38
068941,21,3
068949,16,24
068981,24,4
069001,5,0
069006,22,2
069064,12,10
069088,28,35
069090,22,30
069107,11,9
069109,29,6
069115,14,3
069132,53,33
069151,47,4
069167,24,5
069199,7,32
069217,4,28
069219,5,40
069221,1,25
069225,5,64
069241,15,35
069256,7,52
069264,3,59
069274,4,39
069308,10,35
069369,10,26
069389,5,42
069401,8,35
069402,8,26
069407,9,40
069441,10,33
069446,3,4
069457,10,37
069491,12,61
069541,7,33
069548,10,19
069581,6,31
069583,8,27
069595,4,34
069600,7,29
069603,8,34
069604,3,44
069610,4,55
069618,4,56
069623,9,50
069625,5,63
069632,4,46
069633,5,42
069643,8,31
069664,6,28
069691,12,48
069701,10,33
069764,3,17
069767,8,13
069797,0,7
069809,5,31
069818,9,19
069829,3,15
069831,3,13
069832,5,29
069839,9,16
069840,5,13
069876,6,25
069881,16,14
069900,14,37
069915,7,7
069931,21,12
069939,7,29
069948,10,8
069950,15,11
069962,7,8
069992,10,26
069993,5,24
070012,11,15
070016,18,22
070017,6,0
070034,0,17
070053,7,4
070067,14,14
070083,16,21
070084,9,19
070085,10,18
070094,4,14
070106,6,8
070163,11,8
070173,7,7
070175,18,4
070184,5,11
070207,11,0
070234,10,14
070239,9,10
070241,7,9
070247,11,12
070250,13,10
070296,20,3
070329,2,3
070339,32,4
070352,60,12
070368,31,2
070443,19,2
070454,14,1
070471,41,2
070475,30,4
070476,20,6
070500,39,5
070501,24,6
070510,55,2
070516,54,11
070517,39,5
070518,3,2
070528,62,7
070542,28,2
070548,47,5
070578,7,1
070579,11,5
070586,10,6
070588,10,3
070604,16,7
070605,14,2
070620,13,5
070623,13,2
070624,16,4
070630,17,6
070641,5,4
070643,5,3
070647,12,2
070650,11,3
070654,19,2
070659,9,0
070665,12,6
070685,7,2
070703,8,1
070709,12,4
070711,16,1
070731,12,15
070737,8,8
070739,21,5
070741,18,6
070748,13,4
070753,7,1
070809,56,3
070825,67,1
070839,48,0
070846,27,1
070850,6,0
070912,7,15
070925,12,19
070926,7,12
070944,20,8
070960,12,31
070968,11,27
070969,9,10
070972,11,15
070975,15,14
071000,10,26
071006,7,15
071009,7,20
071011,6,10
071022,14,8
071026,13,11
071029,17,17
071030,12,12
071040,8,14
071042,11,14
071047,1,3
071064,3,9
071066,5,18
071070,15,14
071076,8,1
071080,14,12
071084,12,11
071090,2,22
071093,17,3
071104,16,24
071107,9,8
071115,14,18
071142,10,13
071147,11,0
071148,9,5
071150,12,19
071174,19,16
071190,12,11
071192,15,19
071230,10,1
071237,9,12
071248,9,12
071249,5,10
071263,32,3
071264,41,1
071281,68,2
071283,79,7
071289,5,0
071349,47,1
071364,11,2
071414,46,5
071423,71,0
071431,46,1
071437,53,0
071444,29,2
071449,60,2
071512,51,5
071514,20,4
071516,26,5
071525,3,4
071528,29,3
071549,29,4
071559,70,2
071579,54,4
071591,48,2
071605,40,1
071662,48,6
071676,87,0
071682,45,5
071683,66,0
071687,82,0
071693,28,0
071713,40,0
071717,44,2
071722,44,2
071732,80,3
071734,51,1
071739,33,1
071781,52,3
071784,74,1
071786,88,2
071787,97,3
071823,8,10
071824,6,15
071836,9,8
071838,14,16
071846,6,13
071866,14,7
071869,7,4
071870,1,5
071875,8,8
071877,5,7
071979,11,14
071981,7,9
071983,6,3
071998,5,5
072005,7,11
072013,7,13
072027,6,11
072036,14,10
072053,8,9
072071,13,8
072093,35,2
072114,21,5
072133,21,7
072136,20,5
072140,20,8
072141,36,6
072144,31,8
072147,20,12
072159,49,1
072188,31,7
072194,19,6
072196,27,6
072252,59,1
072267,49,11
072282,6,2
072309,16,3
072323,12,15
072325,5,19
072326,11,11
072366,14,9
072380,10,5
072388,3,7
072390,13,9
072399,11,4
072406,10,8
072413,10,0
072427,9,13
072491,11,11
072496,12,10
072535,22,5
072685,8,9
072691,10,22
072695,2,19
072723,7,13
072739,8,21
072756,7,20
072779,4,14
072784,0,8
072786,4,11
072879,13,10
072902,13,10
072917,11,9
072918,8,12
072940,16,18
072941,2,15
072950,5,10
072997,3,12
073000,12,23
073010,7,34
073063,7,14
073076,13,6
073099,12,5
073107,8,4
073109,12,2
073116,11,14
073122,8,8
073123,5,10
073127,5,10
073134,9,13
073149,8,13
073189,8,8
073200,3,0
073210,5,7
073215,7,0
073223,3,1
073254,15,8
073258,7,3
073271,5,5
073272,10,5
073277,0,5
073325,5,2
073334,13,4
073337,9,7
073362,9,0
073390,17,8
073392,8,7
073409,11,5
073540,10,0
073568,3,5
073577,4,5
073582,4,8
073632,3,8
073641,6,7
073696,7,7
073707,6,7
073710,6,14
073715,2,10
073716,8,15
073721,9,9
073733,9,8
073737,10,0
073744,10,12
073754,9,9
073762,2,4
073763,10,7
073788,6,7
073833,6,9
073836,4,10
073853,8,9
073855,5,8
073860,5,16
073870,9,19
073873,10,13
073890,9,6
073916,18,10
073918,10,9
073924,7,7
073926,19,4
073934,7,4
073938,14,2
073943,6,7
073944,5,5
073957,10,4
073973,20,3
073982,11,2
074061,20,2
074201,27,10
074358,19,2
074373,1,11
074392,27,8
074450,78,2
074528,58,0
074551,44,2
074619,29,4
074627,63,0
074649,52,4
074664,26,4
074681,68,1
074724,80,5
074730,58,8
074738,51,0
074739,2,1
074743,1,0
074774,67,0
074788,56,6
074804,63,0
074827,99,0
074829,91,2
074863,88,0
074875,58,0
074941,63,3
074963,62,4
075005,48,4
075047,76,5
075078,9,1
075082,41,1
075105,91,1
075136,73,1
075149,70,1
075153,82,0
075184,54,7
075202,0,2
075231,46,6
075245,108,1
075256,72,2
075271,65,6
075280,2,2
075305,58,0
075385,59,2
075439,1,1
075442,1,3
075452,45,1
075457,66,2
075465,48,2
075519,65,2
075605,45,4
075637,81,3
075668,44,8
075709,45,5
075722,50,0
075723,41,2
075816,78,1
075991,79,0
075999,5,1
076074,40,13
076078,19,7
076142,20,8
076147,21,4
076196,24,5
076198,2,4
076211,23,9
076290,4,7
076303,37,6
076322,18,10
076330,18,5
076422,24,15
076541,22,4
076707,2,1
076774,53,2
076812,31,3
076819,59,0
076844,22,0
076845,33,6
076860,66,4
076861,70,2
076881,77,3
076949,45,0
077082,64,1
077091,69,0
077141,38,0
077180,65,2
077186,65,0
077188,57,0
077189,68,3
077217,21,17
077269,40,5
077299,30,15
077314,35,9
077354,37,14
077384,43,15
077392,52,16
077401,78,5
077402,49,4
077434,3,5
077462,56,4
077475,52,7
077490,52,8
077510,42,8
077524,22,3
077525,26,23
077559,62,19
077578,24,20
077583,71,20
077628,15,8
077642,5,4
077667,41,2
077685,26,8
077700,53,5
077708,36,0
077765,18,6
077772,10,3
077793,80,2
077800,64,2
077831,25,10
077876,17,11
077879,23,1
077902,21,9
077933,63,0
077934,64,4
077943,26,4
077946,44,3
077948,33,4
077949,46,1
077950,32,3
077984,24,2
077991,23,4
078031,24,12
078044,29,10
078079,82,2
078106,58,3
078129,63,2
078174,61,10
078197,9,5
078216,52,1
078218,55,1
078229,62,0
078256,78,4
078273,42,3
078299,66,1
078329,69,3
078342,61,2
078348,58,3
078364,76,1
078388,14,29
078399,11,27
078428,4,15
078462,10,23
078503,8,14
078506,10,28
078507,17,18
078520,8,14
078536,12,18
078545,7,18
078546,8,19
078571,10,22
078605,23,17
078617,28,11
078618,13,20
078624,14,12
078630,18,11
078652,21,2
078692,7,9
078693,12,10
078697,13,16
078715,10,18
078744,13,7
078756,16,21
078772,24,5
078775,23,9
078785,29,4
078808,19,8
078815,18,17
078842,13,14
078846,24,10
078855,16,13
078860,19,13
078878,11,11
078881,15,7
078901,18,18
078904,21,11
078938,57,0
078951,46,16
078952,32,13
078954,41,13
079014,7,9
079031,40,1
079034,56,1
079035,56,5
079043,62,1
079110,28,33
079117,36,9
079167,32,8
079171,53,8
079189,60,1
079195,44,0
079240,54,4
079261,56,6
079275,31,10
079289,22,13
079302,19,7
079347,35,2
079350,4,6
079352,47,12
079353,38,6
079358,47,2
079363,80,2
079373,81,4
079397,46,1
079432,42,6
079465,88,8
079468,45,1
079470,50,0
079501,6,34
079516,10,34
079529,9,15
079538,14,1
079572,11,29
079644,14,16
079676,20,17
079700,10,25
079705,18,2
079714,8,15
079738,3,32
079754,15,31
079783,5,26
079795,12,24
079852,18,26
079873,27,14
079919,26,5
079934,34,10
079940,20,12
079941,29,7
079943,34,6
079978,27,13
080008,18,10
080009,18,2
080045,29,7
080092,28,5
080094,42,4
080106,25,8
080116,33,11
080124,39,12
080171,19,28
080224,31,13
080228,20,6
080248,31,12
080250,29,7
080258,23,10
080262,36,1
080263,27,5
080272,29,7
080301,20,9
080319,9,6
080327,9,12
080401,75,6
080427,49,2
080444,27,2
080449,60,3
080472,32,5
080486,39,3
080505,90,2
080539,7,7
080560,4,7
080579,2,13
080580,2,12
080594,8,6
080595,16,15
080609,6,7
080612,12,12
080614,16,18
080626,18,27
080645,12,13
080647,8,8
080649,9,7
080720,9,7
080785,10,11
080788,20,22
080790,25,14
080794,5,19
080829,10,13
080831,11,10
080832,18,11
080841,17,0
080847,13,10
080857,19,10
080870,11,9
080881,17,7
080883,20,7
080887,9,6
080891,33,5
080892,5,4
080894,0,4
080907,28,9
080923,7,4
080930,13,12
080934,9,8
080956,8,9
080962,10,12
080963,7,14
080972,2,6
080975,17,3
080977,24,7
080980,15,8
081001,3,14
081012,11,11
081015,11,10
081021,5,0
081040,9,13
081050,4,13
081051,13,6
081053,5,10
081055,20,13
081062,78,13
081069,7,5
081097,12,11
081106,21,7
081121,13,8
081133,10,11
081476,3,42
081486,3,29
081989,2,25
082007,3,25
082182,4,15
082287,3,34
083023,0,39
083032,4,48
083060,2,40
083132,5,45
083185,6,21
083229,13,26
083530,18,9
083534,15,12
083535,15,11
083604,11,13
083742,13,24
084045,11,4
084047,12,15
084079,11,11
084081,11,21
084083,12,0
084094,12,19
084098,8,16
084137,7,13
084145,5,14
084155,12,10
084162,7,10
084163,16,15
084173,7,0
084184,9,3
084186,19,14
084187,7,16
084198,17,12
084201,14,13
084208,19,20
084209,21,18
084217,7,2
084218,7,11
084225,4,13
084249,7,13
084254,6,10
084266,6,17
084273,14,13
084277,7,9
084315,7,18
084317,10,14
084318,15,17
084319,11,13
084323,7,7
084334,10,3
084345,10,21
084346,1,19
084361,8,15
084379,5,11
084390,7,9
084393,13,8
084412,6,7
084415,6,13
084417,9,8
084426,5,18
084435,19,14
084447,16,15
084450,13,16
084452,6,15
084457,9,4
084462,12,17
084464,12,20
084467,6,0
084472,21,22
084478,18,13
084480,17,15
084485,3,7
084486,8,9
084492,13,6
084512,12,5
084515,9,13
084521,8,6
084523,6,5
084524,10,9
084546,14,10
084550,10,15
084553,22,9
084559,17,10
084564,12,8
084565,16,15
084597,18,14
084598,22,11
084604,18,14
084615,5,3
084650,14,21
084654,12,12
084656,11,20
084666,7,21
084724,7,10
084746,16,5
084758,15,10
084760,15,4
084765,21,0
084773,8,4
084789,2,5
084794,34,1
084796,22,15
084801,15,7
084809,16,4
084818,26,4
084819,36,2
084834,33,5
084841,24,7
084857,33,1
084880,30,3
084883,21,5
084884,23,4
084889,20,2
084916,22,3
084918,0,0
084922,20,4
084991,14,10
084992,12,5
085031,14,6
085049,8,4
085056,17,5
085068,10,11
085075,12,0
085081,16,4
085083,11,3
085084,10,4
085099,7,8
085101,8,9
085103,13,5
085105,11,3
085111,14,4
085112,8,2
085132,7,3
085133,12,4
085134,8,2
085136,7,0
085138,11,2
085139,13,3
085140,8,4
085158,8,2
085164,67,4
085181,45,11
085195,36,6
085219,43,6
085258,53,5
085270,46,6
085275,45,12
085290,0,12
085298,41,19
085301,45,8
085311,38,5
085328,39,4
085336,70,4
085337,57,3
085338,57,6
085351,67,8
085355,59,5
085364,76,6
085368,75,1
085370,5,2
085372,7,8
085376,20,4
085380,1,8
085383,9,6
085385,13,8
085390,16,0
085401,21,8
085409,21,5
085416,9,5
085417,14,4
085419,13,4
085434,13,2
085450,8,1
085455,9,0
085482,13,2
085493,15,4
085495,16,0
085497,13,0
085513,7,1
085532,2,15
085536,5,17
085540,2,1
085542,4,16
085548,5,24
085555,3,1
085557,4,16
085558,6,12
085563,1,19
085564,7,17
085570,3,20
085585,1,19
085590,5,1
085591,3,15
085593,6,29
085594,1,17
085596,2,15
085603,7,14
085606,5,18
085608,9,17
085610,5,17
085611,1,14
085612,6,16
085616,1,12
085617,8,18
085625,5,17
085626,2,16
085627,5,13
085630,10,19
085631,6,19
085632,3,5
085635,4,13
085640,4,17
085641,11,21
085644,10,16
085646,2,16
085647,2,17
085652,1,18
085660,5,8
085661,2,20
085662,5,19
085668,3,19
085669,8,12
085672,4,16
085679,4,14
085681,1,24
085684,4,15
085686,6,23
085687,4,5
085688,2,14
085690,8,17
085691,1,9
085696,7,19
085697,5,22
085703,0,17
085707,1,23
085713,9,17
085715,1,10
085717,10,15
085721,3,20
085722,5,19
085727,3,18
085732,4,16
085738,4,10
085748,4,23
085750,7,25
085751,5,18
085756,7,23
085757,6,12
085758,5,3
085761,9,18
085766,15,17
085768,5,16
085769,12,21
085770,3,10
085771,7,11
085775,9,6
085781,5,13
085783,7,14
085786,6,16
085787,6,18
085788,1,15
085789,6,15
085792,4,16
085796,8,5
085801,10,14
085802,7,28
085804,2,19
085807,6,8
085808,6,20
085812,3,15
085813,5,30
085816,1,26
085818,9,35
085820,12,28
085821,0,6
085823,1,26
085831,18,40
085832,5,29
085837,7,26
085843,12,41
085848,3,63
085854,4,35
085856,0,27
085871,3,25
085879,5,32
085895,1,70
085898,0,72
085904,2,73
085905,2,74
085929,3,80
085930,2,71
085936,0,75
085952,1,34
085956,4,3
085957,2,9
085963,2,79
085967,5,10
085975,6,19
085979,8,25
085985,32,19
085986,22,19
085990,2,2
085995,31,20
086002,4,21
086003,6,17
086004,21,13
086005,0,19
086007,4,19
086009,6,13
086010,29,21
086015,8,14
086016,7,17
086021,9,18
086022,4,20
086043,3,23
086048,2,25
086054,6,18
086061,3,24
086066,5,14
086070,3,28
086079,4,16
086080,5,19
086083,6,21
086089,2,21
086096,5,19
086098,9,1
086099,8,7
086105,5,17
086109,11,18
086116,6,12
086127,2,16
086133,9,22
086140,6,18
086142,6,16
086144,9,28
086148,5,15
086150,3,26
086154,1,23
086162,4,23
086168,5,16
086174,2,17
086181,4,19
086185,3,15
086187,2,24
086190,7,8
086192,11,19
086193,5,17
086194,6,18
086195,0,0
086200,4,30
086201,7,21
086204,10,14
086205,3,16
086206,7,16
086208,7,14
086211,5,14
086212,6,22
086216,3,11
086217,4,0
086219,4,2
086229,9,9
086230,2,14
086234,0,21
086241,3,19
086244,1,22
086248,7,22
086251,7,9
086257,5,14
086258,8,10
086275,1,39
086278,2,44
086282,0,0
086286,3,21
086303,0,17
086312,3,21
086319,2,44
086320,3,26
086343,0,20
086345,9,20
086346,0,36
086354,1,33
086369,0,30
086372,0,35
086376,0,52
086377,2,32
086387,1,48
086397,2,32
086401,2,38
086404,0,21
086413,2,49
086415,2,31
086416,0,35
086441,1,60
086446,0,59
086451,0,72
086468,0,60
086473,0,50
086477,0,45
086491,1,5
086503,0,51
086504,0,51
086510,0,52
086535,0,22
086538,2,23
086539,2,18
086542,0,17
086545,0,34
086551,6,30
086553,2,34
086572,2,22
086573,4,25
086589,2,0
086592,2,21
086594,1,28
086595,1,18
086598,2,28
086600,2,27
086601,1,33
086603,3,21
086608,2,23
086613,0,26
086625,4,19
086629,0,30
086630,1,42
086631,0,30
086632,0,0
086634,0,42
086635,0,57
086639,1,45
086640,0,48
086645,0,34
086654,0,30
086659,0,49
086675,1,29
086686,5,31
086687,0,0
086696,2,27
086697,0,29
086699,1,25
086710,1,37
086712,0,45
086716,1,33
086721,1,46
086725,1,36
086727,4,39
086734,1,30
086737,0,40
086738,2,40
086742,0,54
086749,4,25
086755,0,44
086759,2,29
086761,2,38
086777,1,58
086786,0,37
086795,0,33
086805,0,25
086814,0,32
086835,0,23
086843,1,22
086845,2,28
086851,1,28
086852,1,25
086863,0,27
086881,16,31
086887,0,24
086892,0,27
086893,2,20
086903,1,37
086907,1,33
086911,0,26
086913,2,25
086916,1,20
086925,1,38
086926,0,39
086931,0,43
086932,0,39
086936,0,54
086942,2,44
086959,11,43
086961,3,48
086963,2,8
086965,1,32
086967,0,44
086971,0,36
086973,3,42
086978,1,51
086986,0,30
086991,0,28
087001,1,36
087012,2,0
087013,3,39
087014,2,28
087017,1,39
087023,1,34
087047,2,83
087053,1,55
087055,0,28
087057,5,57
087060,7,36
087096,5,13
087108,0,30
087109,1,36
087118,0,18
087129,0,26
087143,0,36
087146,1,0
087148,2,38
087159,0,33
087178,0,66
087180,1,38
087183,1,32
087187,0,0
087211,0,37
087215,1,42
087217,4,43
087223,2,36
087230,2,39
087238,3,30
087240,2,39
087254,1,38
087258,3,31
087263,0,24
087267,3,41
087286,7,29
087287,1,38
087293,2,25
087300,1,25
087316,2,36
087318,2,38
087321,2,34
087323,3,36
087327,3,4
087330,2,30
087336,0,27
087339,3,28
087341,1,39
087345,4,40
087346,3,26
087347,5,22
087348,0,35
087350,4,38
087363,5,29
087364,3,31
087380,0,22
087388,2,30
087398,0,0
087403,0,0
087417,3,26
087422,7,48
087428,2,45
087433,5,34
087437,1,41
087443,1,34
087447,2,35
087450,6,22
087455,9,92
087456,5,17
087457,4,34
087460,1,26
087466,2,48
087468,8,41
087470,3,46
087471,4,42
087474,1,31
087475,2,31
087477,6,40
087479,3,25
087480,1,37
087482,7,44
087487,3,27
087488,1,44
087489,4,0
087500,5,31
087506,2,56
087507,1,42
087508,1,34
087509,5,28
087514,0,33
087517,5,45
087518,8,33
087527,4,41
087532,6,31
087539,1,36
087541,7,37
087546,4,29
087550,2,44
087555,4,40
087562,0,40
087564,2,43
087573,2,27
087577,4,26
087579,7,33
087580,3,48
087591,4,35
087594,3,29
087597,7,0
087603,2,34
087606,2,32
087611,2,36
087613,4,35
087616,5,26
087617,2,30
087619,1,46
087625,3,38
087626,4,32
087631,3,37
087639,3,27
087647,3,27
087653,2,17
087656,3,23
087667,0,39
087675,2,15
087677,1,12
087678,1,14
087679,3,26
087680,1,14
087681,4,4
087682,2,15
087683,1,13
087684,3,15
087685,2,18
087689,3,14
087698,0,24
087702,2,20
087706,3,46
087716,6,29
087718,4,50
087724,2,41
087730,0,34
087731,0,54
087738,1,42
087751,6,29
087756,4,34
087759,9,0
087769,6,34
087786,6,31
087787,8,23
087788,4,25
087789,6,25
087790,3,31
087792,0,29
087804,10,35
087810,5,24
087812,5,26
087813,5,32
087816,5,26
087817,6,72
087819,10,32
087825,3,29
087829,4,37
087834,7,0
087842,7,31
087846,4,33
087848,6,33
087849,5,45
087860,8,30
087868,7,24
087874,4,17
087883,2,27
087893,4,36
087897,7,29
087913,5,31
087915,3,46
087937,9,32
087940,4,35
087944,4,41
087946,4,7
087951,5,3
087958,7,25
087959,2,36
087961,6,38
087967,5,38
087968,0,34
087970,6,43
087979,10,38
087984,12,44
087997,5,22
088012,3,38
088015,3,34
088020,1,42
088021,2,30
088022,3,39
088027,2,49
088040,0,6
088043,3,5
088054,0,60
900017,62,1
900023,57,0
900047,97,0
900087,100,2
900110,64,1
900111,58,4
900124,68,0
900126,51,0
900135,109,5
900138,77,0
900145,67,2
900147,49,3
900171,7,4
900200,25,0
900227,8,12
900240,73,0
900249,39,1
900273,29,12
900291,38,0
900302,58,1
900313,78,1
900315,93,0
900343,39,2
900375,29,5
900407,83,1
900424,55,2
900430,29,2
900435,42,0
900452,8,4
900471,35,0
900481,23,4
900547,0,1
900549,87,0
900555,64,0
900559,47,1
900566,40,0
900621,22,5
900639,36,14
900696,136,1
900727,3,0
900755,83,1
900767,45,1
900866,93,3
900873,42,3
900936,100,5
900952,119,1
900953,126,0
900988,35,2
901034,11,0
901054,61,5
901074,25,1
901137,76,3
901181,47,3
901184,24,0
901185,41,1
901189,66,0
901195,68,0
901200,41,0
901212,94,3
901214,133,0
901225,88,3
901233,84,0
901250,63,3
901260,105,0
901269,41,1
901277,34,1
901286,62,0
901288,78,2
901293,97,0
901297,101,0
901357,15,1
901363,116,3
901376,126,0
901380,1,3
901394,93,1
901411,86,0
901439,56,0
901441,67,2
901454,99,0
901498,76,4
901510,68,0
901516,3,1
901525,140,2
901528,158,0
901569,99,0
901572,103,5
901573,131,0
901574,125,2
901593,68,1
901603,119,2
901608,113,3
901657,11,0
901658,71,3
901667,55,2
901830,49,9
901848,55,1
901856,53,1
901861,72,1
901884,22,1
901978,125,0
902001,79,1
902005,63,1
902018,76,2
902079,12,0
902117,66,2
902177,96,1
902190,50,3
902204,62,2
902257,32,1
902271,87,2
902275,122,1
902286,161,1
902314,115,2
902344,77,1
902389,115,0
902390,95,1
902410,41,0
902413,56,2
902446,48,5
902447,55,1
902457,72,6
902465,64,0
902478,163,2
902511,6,0
902524,32,4
902541,60,6
902546,15,2
902557,39,5
902561,43,6
902583,40,3
902586,36,5
902659,37,6
902686,14,1
902692,41,2
902698,38,0
902707,78,3
902709,60,1
902725,93,0
902728,88,5
902746,28,6
902748,26,6
902749,11,2
902760,15,9
902769,51,0
902772,51,1
902775,3,0
902786,36,2
902803,64,0
902814,27,0
902823,86,0
902838,48,3
902854,61,0
902885,35,0
902911,60,2
902929,13,0
902932,57,0
902933,64,1
902948,48,2
902988,20,1
903014,23,5
903020,35,4
903021,66,4
903024,15,2
903025,32,7
903037,20,3
903058,41,3
903066,73,0
903122,22,11
903129,19,12
903131,24,11
903132,13,18
903135,22,8
903216,14,17
903231,22,22
903253,15,32
903313,74,0
903315,38,3
903317,15,4
903323,35,2
903329,44,0
903332,46,1
903341,2,5
903346,73,3
903354,40,0
903362,57,0
903368,22,9
903376,29,0
903401,105,2
903407,42,5
903434,54,0
903457,5,6
903478,8,1
903481,4,17
903485,6,24
903486,3,30
903496,1,17
903536,11,6
903538,0,4
903540,6,13
903542,8,8
903546,2,0
903565,6,2
903570,7,16
903575,11,0
903582,22,3
903589,30,0
903596,77,0
903611,15,7
903653,64,0
903657,64,1
903677,35,8
903680,38,4
903685,35,6
903707,104,6
903740,9,1
903758,4,5
903783,11,1
903788,10,5
903796,23,1
903807,24,4
903838,76,1
903844,76,4
903847,89,1
903849,77,2
903900,118,2
903907,110,3
903914,83,0
903960,2,2
903966,7,7
904006,52,1
904011,46,0
904017,28,3
904026,88,0
904033,110,0
904034,86,7
904038,87,3
904040,101,1
904042,0,2
904054,56,0
904062,53,3
904167,85,1
904170,80,0
904205,45,0
904244,75,1
904262,41,0
904267,24,1
904278,61,3
904374,79,7
904376,84,4
904382,85,3
904407,3,6
904444,99,3
904447,60,0
904449,127,2
904457,47,2
904474,83,1
904500,60,4
904548,8,3
904551,21,5
904556,19,34
904631,7,3
904636,6,2
904643,3,1
904645,0,0
904650,25,2
904653,21,8
904666,35,4
904701,2,1
